[{"model": "home.homepage", "pk": 3, "fields": {}}, {"model": "home.homepage", "pk": 4, "fields": {}}, {"model": "wagtailsearch.sqliteftsindexentry", "pk": 1, "fields": {"autocomplete": "hola", "title": "hola", "body": ""}}, {"model": "wagtailsearch.indexentry", "pk": 1, "fields": {"content_type": 2, "object_id": "4", "title_norm": 1.0, "autocomplete": "hola", "title": "hola", "body": ""}}, {"model": "wagtailadmin.editingsession", "pk": 1, "fields": {"user": 1, "content_type": 1, "object_id": "4", "last_seen_at": "2025-02-02T22:52:56.689Z", "is_editing": false}}, {"model": "wagtailcore.locale", "pk": 1, "fields": {"language_code": "en"}}, {"model": "wagtailcore.site", "pk": 2, "fields": {"hostname": "localhost", "port": 80, "site_name": "", "root_page": 3, "is_default_site": true}}, {"model": "wagtailcore.collection", "pk": 1, "fields": {"path": "0001", "depth": 1, "numchild": 0, "name": "Root"}}, {"model": "wagtailcore.groupcollectionpermission", "pk": 1, "fields": {"group": 2, "collection": 1, "permission": 102}}, {"model": "wagtailcore.groupcollectionpermission", "pk": 2, "fields": {"group": 1, "collection": 1, "permission": 102}}, {"model": "wagtailcore.groupcollectionpermission", "pk": 3, "fields": {"group": 2, "collection": 1, "permission": 103}}, {"model": "wagtailcore.groupcollectionpermission", "pk": 4, "fields": {"group": 1, "collection": 1, "permission": 103}}, {"model": "wagtailcore.groupcollectionpermission", "pk": 5, "fields": {"group": 2, "collection": 1, "permission": 105}}, {"model": "wagtailcore.groupcollectionpermission", "pk": 6, "fields": {"group": 1, "collection": 1, "permission": 105}}, {"model": "wagtailcore.groupcollectionpermission", "pk": 7, "fields": {"group": 2, "collection": 1, "permission": 106}}, {"model": "wagtailcore.groupcollectionpermission", "pk": 8, "fields": {"group": 1, "collection": 1, "permission": 106}}, {"model": "wagtailcore.groupcollectionpermission", "pk": 9, "fields": {"group": 2, "collection": 1, "permission": 107}}, {"model": "wagtailcore.groupcollectionpermission", "pk": 10, "fields": {"group": 1, "collection": 1, "permission": 107}}, {"model": "wagtailcore.groupcollectionpermission", "pk": 11, "fields": {"group": 2, "collection": 1, "permission": 109}}, {"model": "wagtailcore.groupcollectionpermission", "pk": 12, "fields": {"group": 1, "collection": 1, "permission": 109}}, {"model": "wagtailcore.page", "pk": 1, "fields": {"path": "0001", "depth": 1, "numchild": 1, "translation_key": "1f27bd96-808f-4813-9815-89b76b346fa1", "locale": 1, "latest_revision": null, "live": true, "has_unpublished_changes": false, "first_published_at": null, "last_published_at": null, "live_revision": null, "go_live_at": null, "expire_at": null, "expired": false, "locked": false, "locked_at": null, "locked_by": null, "title": "Root", "draft_title": "Root", "slug": "root", "content_type": 1, "url_path": "/", "owner": null, "seo_title": "", "show_in_menus": false, "search_description": "", "latest_revision_created_at": null, "alias_of": null}}, {"model": "wagtailcore.page", "pk": 3, "fields": {"path": "00010001", "depth": 2, "numchild": 1, "translation_key": "196a695b-4422-4f82-8d5e-5e6f5365fc7e", "locale": 1, "latest_revision": null, "live": true, "has_unpublished_changes": false, "first_published_at": null, "last_published_at": null, "live_revision": null, "go_live_at": null, "expire_at": null, "expired": false, "locked": false, "locked_at": null, "locked_by": null, "title": "Home", "draft_title": "Home", "slug": "home", "content_type": 2, "url_path": "/home/", "owner": null, "seo_title": "", "show_in_menus": false, "search_description": "", "latest_revision_created_at": null, "alias_of": null}}, {"model": "wagtailcore.page", "pk": 4, "fields": {"path": "000100010001", "depth": 3, "numchild": 0, "translation_key": "3f850c82-a15b-4d26-8cfa-73549b2202c6", "locale": 1, "latest_revision": 1, "live": false, "has_unpublished_changes": true, "first_published_at": null, "last_published_at": null, "live_revision": null, "go_live_at": null, "expire_at": null, "expired": false, "locked": false, "locked_at": null, "locked_by": null, "title": "hola", "draft_title": "hola", "slug": "hola", "content_type": 2, "url_path": "/home/hola/", "owner": 1, "seo_title": "", "show_in_menus": false, "search_description": "", "latest_revision_created_at": "2025-02-02T22:52:55.757Z", "alias_of": null}}, {"model": "wagtailcore.revision", "pk": 1, "fields": {"content_type": 2, "base_content_type": 1, "object_id": "4", "created_at": "2025-02-02T22:52:55.757Z", "user": 1, "object_str": "hola", "content": {"pk": 4, "path": "000100010001", "depth": 3, "numchild": 0, "translation_key": "3f850c82-a15b-4d26-8cfa-73549b2202c6", "locale": 1, "latest_revision": null, "live": false, "has_unpublished_changes": false, "first_published_at": null, "last_published_at": null, "live_revision": null, "go_live_at": null, "expire_at": null, "expired": false, "locked": false, "locked_at": null, "locked_by": null, "title": "hola", "draft_title": "hola", "slug": "hola", "content_type": 2, "url_path": "/home/hola/", "owner": 1, "seo_title": "", "show_in_menus": false, "search_description": "", "latest_revision_created_at": null, "alias_of": null, "wagtail_admin_comments": []}, "approved_go_live_at": null}}, {"model": "wagtailcore.grouppagepermission", "pk": 1, "fields": {"group": 1, "page": 1, "permission": 34}}, {"model": "wagtailcore.grouppagepermission", "pk": 2, "fields": {"group": 1, "page": 1, "permission": 35}}, {"model": "wagtailcore.grouppagepermission", "pk": 3, "fields": {"group": 1, "page": 1, "permission": 40}}, {"model": "wagtailcore.grouppagepermission", "pk": 4, "fields": {"group": 2, "page": 1, "permission": 34}}, {"model": "wagtailcore.grouppagepermission", "pk": 5, "fields": {"group": 2, "page": 1, "permission": 35}}, {"model": "wagtailcore.grouppagepermission", "pk": 6, "fields": {"group": 1, "page": 1, "permission": 39}}, {"model": "wagtailcore.grouppagepermission", "pk": 7, "fields": {"group": 1, "page": 1, "permission": 41}}, {"model": "wagtailcore.workflowpage", "pk": 1, "fields": {"workflow": 1}}, {"model": "wagtailcore.workflowtask", "pk": 1, "fields": {"sort_order": 0, "workflow": 1, "task": 1}}, {"model": "wagtailcore.task", "pk": 1, "fields": {"name": "Moderators approval", "content_type": 4, "active": true}}, {"model": "wagtailcore.workflow", "pk": 1, "fields": {"name": "Moderators approval", "active": true}}, {"model": "wagtailcore.groupapprovaltask", "pk": 1, "fields": {"groups": [1]}}, {"model": "wagtailcore.pagelogentry", "pk": 1, "fields": {"content_type": 2, "label": "hola", "action": "wagtail.create", "data": {}, "timestamp": "2025-02-02T22:52:55.742Z", "uuid": "6cbb7e1f-6efd-4a8a-a6cd-23d0eff73961", "user": 1, "revision": null, "content_changed": true, "deleted": false, "page": 4}}, {"model": "wagtailcore.pagelogentry", "pk": 2, "fields": {"content_type": 2, "label": "hola", "action": "wagtail.edit", "data": {}, "timestamp": "2025-02-02T22:52:55.784Z", "uuid": "6cbb7e1f-6efd-4a8a-a6cd-23d0eff73961", "user": 1, "revision": 1, "content_changed": true, "deleted": false, "page": 4}}, {"model": "wagtailcore.pagesubscription", "pk": 1, "fields": {"user": 1, "page": 4, "comment_notifications": true}}, {"model": "auth.group", "pk": 1, "fields": {"name": "Moderators", "permissions": [1, 102, 103, 105, 104, 106, 107, 109, 108]}}, {"model": "auth.group", "pk": 2, "fields": {"name": "Editors", "permissions": [1, 102, 103, 105, 104, 106, 107, 109, 108]}}, {"model": "auth.user", "pk": 1, "fields": {"password": "pbkdf2_sha256$870000$pdmwrkACyMST3KOArMnFux$3BMGRGMn8iYdrPjhVONh1Ap1e29EC2aZO0OH6yNERiQ=", "last_login": "2025-02-03T00:00:05.920Z", "is_superuser": true, "username": "debian", "first_name": "", "last_name": "", "email": "", "is_staff": true, "is_active": true, "date_joined": "2025-02-02T21:44:17.950Z", "groups": [], "user_permissions": []}}, {"model": "sessions.session", "pk": "3hiwea3dwy8qn2jvbqwru66z30ck5xj3", "fields": {"session_data": ".eJxVjMsOwiAQRf-FtSGdOjClS_d-AxkeWtSAgTbRGP9dm3Sh23vOPS9heZknu7RYbQpiFCB2v5tjf415BeHC-VykL3muyclVkRtt8lhCvB029y8wcZu-b8eIGgh7YmNA93vDiqJCZjV0LirQARC9Jn3izsHAhIaQwBsNCo1foy22lkq28XFP9SnG7v0BQ1Y9yg:1tei4P:TNHkB6SvD2wzRQK6AeE2zm97MOvPV4lXJPzOPfmkx10", "expire_date": "2025-02-16T22:04:01.177Z"}}, {"model": "sessions.session", "pk": "ypjgzsu3kfh53bht8unl1osgraakkzlh", "fields": {"session_data": ".eJxVjMsOwiAQRf-FtSGdOjClS_d-AxkeWtSAgTbRGP9dm3Sh23vOPS9heZknu7RYbQpiFCB2v5tjf415BeHC-VykL3muyclVkRtt8lhCvB029y8wcZu-b8eIGgh7YmNA93vDiqJCZjV0LirQARC9Jn3izsHAhIaQwBsNCo1foy22lkq28XFP9SnG7v0BQ1Y9yg:1tejsj:vl8vr5SkZT1jfPaeM7_Qx8-kUN60ZD7W2jep2lSsarI", "expire_date": "2025-02-17T00:00:05.923Z"}}]